Post Number,VIP Rank,Username,Followers Count,Location,Profile URL
Post #1,https://www.instagram.com/ranja_sch,VIP #1,ranja_sch,29168,N/A,https://www.instagram.com/ranja_sch
Post #1,https://www.instagram.com/indonesia_kitesurfing,VIP #2,indonesia_kitesurfing,5155,N/A,https://www.instagram.com/indonesia_kitesurfing
Post #1,https://www.instagram.com/jovan_scott,VIP #3,jovan_scott,1726,N/A,https://www.instagram.com/jovan_scott
Post #1,https://www.instagram.com/juliaroee,VIP #4,juliaroee,799,N/A,https://www.instagram.com/juliaroee
Post #1,https://www.instagram.com/better.attractive,VIP #5,better.attractive,757,N/A,https://www.instagram.com/better.attractive
Post #2,https://www.instagram.com/ranja_sch,VIP #1,ranja_sch,29168,N/A,https://www.instagram.com/ranja_sch
Post #2,https://www.instagram.com/fulvia_massaroni,VIP #2,fulvia_massaroni,10710,N/A,https://www.instagram.com/fulvia_massaroni
Post #2,https://www.instagram.com/indonesia_kitesurfing,VIP #3,indonesia_kitesurfing,5155,N/A,https://www.instagram.com/indonesia_kitesurfing
Post #2,https://www.instagram.com/wolfbraun_,VIP #4,wolfbraun_,2623,N/A,https://www.instagram.com/wolfbraun_
Post #2,https://www.instagram.com/jean_paul_liechti_jr,VIP #5,jean_paul_liechti_jr,1922,N/A,https://www.instagram.com/jean_paul_liechti_jr
